"INDICATOR","HFA_402"

"HFA_402","Hospital discharges, respiratory system diseases"

"EXTERNID","ID in the originating data source"

"DATA_SOURCE","Data source"
"HFA","European Health for All database"

"UNIT_TYPE","Unit"
"NUM_DISCHARGES","number of hospital discharges"

"DATA_TYPE_REPRESENTATION","Data type representation"
"COUNT","Count"

"DATA_SET","Data set"
"HFA","European Health for All database (WHO)"

"DATA_MASK","Mask for controlling the output format of values"

"SEX","Sex"
"FEMALE","Female"
"MALE","Male"
"ALL","All"

"COUNTRY","COUNTRY_GRP","SEX","YEAR","VALUE"
"ALB","","ALL","1989","62199"
"ALB","","ALL","1993","42889"
"ALB","","ALL","1994","40248"
"ALB","","ALL","1995","37299"
"ALB","","ALL","1996","35644"
"ALB","","ALL","1997","30968"
"ALB","","ALL","1998","33460"
"ALB","","ALL","1999","33308"
"ALB","","ALL","2000","36963"
"ALB","","ALL","2001","36448"
"ALB","","ALL","2002","43100"
"ALB","","ALL","2003","45381"
"ALB","","ALL","2004","42088"
"ALB","","ALL","2005","40168"
"ALB","","ALL","2006","48105"
"ALB","","ALL","2007","48304"
"ALB","","ALL","2008","38928"
"ALB","","ALL","2009","47343"
"ALB","","ALL","2010","42675"
"ALB","","ALL","2011","41982"
"ALB","","ALL","2012","41933"
"AND","","ALL","1996","713"
"AND","","ALL","1997","641"
"AND","","ALL","1998","538"
"AND","","ALL","1999","629"
"AND","","ALL","2000","651"
"AND","","ALL","2001","581"
"AND","","ALL","2002","761"
"AND","","ALL","2003","736"
"AND","","ALL","2004","658"
"AND","","ALL","2005","728"
"AND","","ALL","2006","686"
"AND","","ALL","2007","717"
"AND","","ALL","2008","605"
"AND","","ALL","2009","754"
"AND","","ALL","2010","666"
"AND","","ALL","2011","668"
"AND","","ALL","2012","794"
"AND","","ALL","2013","762"
"AND","","ALL","2014","822"
"AND","","ALL","2015","854"
"AND","","ALL","2016","841"
"AND","","ALL","2017","786"
"AND","","ALL","2018","851"
"AND","","ALL","2019","778"
"AND","","ALL","2020","990"
"AND","","ALL","2021","518"
"AND","","ALL","2022","817"
"ARM","","ALL","1980","78552"
"ARM","","ALL","1981","80413"
"ARM","","ALL","1982","78263"
"ARM","","ALL","1983","82378"
"ARM","","ALL","1984","80851"
"ARM","","ALL","1985","84496"
"ARM","","ALL","1986","84538"
"ARM","","ALL","1987","82665"
"ARM","","ALL","1988","81748"
"ARM","","ALL","1989","68914"
"ARM","","ALL","1990","66583"
"ARM","","ALL","1991","58106"
"ARM","","ALL","1992","40303"
"ARM","","ALL","1993","35108"
"ARM","","ALL","1994","32971"
"ARM","","ALL","1995","33165"
"ARM","","ALL","1996","33622"
"ARM","","ALL","1997","28382"
"ARM","","ALL","1998","27054"
"ARM","","ALL","1999","23636"
"ARM","","ALL","2000","19708"
"ARM","","ALL","2001","18317"
"ARM","","ALL","2002","20314"
"ARM","","ALL","2003","21998"
"ARM","","ALL","2004","23355"
"ARM","","ALL","2005","25358"
"ARM","","ALL","2006","26631"
"ARM","","ALL","2007","28358"
"ARM","","ALL","2008","31232"
"ARM","","ALL","2009","35857"
"ARM","","ALL","2010","37459"
"ARM","","ALL","2011","41773"
"ARM","","ALL","2012","44883"
"ARM","","ALL","2013","48729"
"ARM","","ALL","2014","55591"
"ARM","","ALL","2015","54017"
"ARM","","ALL","2016","63035"
"ARM","","ALL","2017","59297"
"ARM","","ALL","2018","63977"
"ARM","","ALL","2019","73456"
"ARM","","ALL","2020","54850"
"ARM","","ALL","2021","70811"
"ARM","","ALL","2022","76014"
"AUT","","ALL","1989","124751"
"AUT","","ALL","1990","128421"
"AUT","","ALL","1991","123262"
"AUT","","ALL","1992","122380"
"AUT","","ALL","1993","128733"
"AUT","","ALL","1994","132563"
"AUT","","ALL","1995","137169"
"AUT","","ALL","1996","136671"
"AUT","","ALL","1997","148614"
"AUT","","ALL","1998","156157"
"AUT","","ALL","1999","164772"
"AUT","","ALL","2000","157413"
"AUT","","ALL","2001","145667"
"AUT","","ALL","2002","143670"
"AUT","","ALL","2003","144287"
"AUT","","ALL","2004","144238"
"AUT","","ALL","2005","149653"
"AUT","","ALL","2006","141379"
"AUT","","ALL","2007","142212"
"AUT","","ALL","2008","138470"
"AUT","","ALL","2009","150737"
"AZE","","ALL","1990","196878"
"AZE","","ALL","1991","189046"
"AZE","","ALL","1992","148185"
"AZE","","ALL","1993","132000"
"AZE","","ALL","1994","101349"
"AZE","","ALL","1995","81822"
"AZE","","ALL","1996","73158"
"AZE","","ALL","1997","68366"
"AZE","","ALL","1998","57925"
"AZE","","ALL","1999","58733"
"AZE","","ALL","2000","59590"
"AZE","","ALL","2001","67979"
"AZE","","ALL","2002","64948"
"AZE","","ALL","2003","65796"
"AZE","","ALL","2004","69885"
"AZE","","ALL","2005","71298"
"AZE","","ALL","2006","77490"
"AZE","","ALL","2007","79887"
"AZE","","ALL","2008","79586"
"AZE","","ALL","2009","77838"
"AZE","","ALL","2010","62813"
"AZE","","ALL","2011","65547"
"AZE","","ALL","2012","68281"
"AZE","","ALL","2013","72492"
"AZE","","ALL","2014","75897"
"AZE","","ALL","2015","82519"
"AZE","","ALL","2016","87112"
"AZE","","ALL","2017","89912"
"BEL","","ALL","1993","133328"
"BEL","","ALL","1995","133722"
"BEL","","ALL","1996","137620"
"BEL","","ALL","1997","139560"
"BEL","","ALL","1998","146875"
"BEL","","ALL","1999","142040"
"BEL","","ALL","2000","144480"
"BEL","","ALL","2001","138997"
"BEL","","ALL","2002","141485"
"BEL","","ALL","2003","142278"
"BEL","","ALL","2004","134020"
"BEL","","ALL","2005","150054"
"BEL","","ALL","2006","138733"
"BEL","","ALL","2007","144486"
"BEL","","ALL","2008","146307"
"BGR","","ALL","1980","243117"
"BGR","","ALL","1981","243246"
"BGR","","ALL","1982","243972"
"BGR","","ALL","1983","252556"
"BGR","","ALL","1984","255075"
"BGR","","ALL","1985","277715"
"BGR","","ALL","1986","311561"
"BGR","","ALL","1987","299967"
"BGR","","ALL","1988","297660"
"BGR","","ALL","1989","290066"
"BGR","","ALL","1990","253464"
"BGR","","ALL","1991","258424"
"BGR","","ALL","1992","244788"
"BGR","","ALL","1993","221297"
"BGR","","ALL","1994","206744"
"BGR","","ALL","1995","212047"
"BGR","","ALL","1996","205648"
"BGR","","ALL","1997","172273"
"BGR","","ALL","1998","165749"
"BGR","","ALL","1999","146616"
"BGR","","ALL","2000","157215"
"BGR","","ALL","2001","160426"
"BGR","","ALL","2002","190009"
"BGR","","ALL","2003","208433"
"BGR","","ALL","2004","222541"
"BGR","","ALL","2005","245851"
"BGR","","ALL","2006","226483"
"BGR","","ALL","2007","225429"
"BGR","","ALL","2008","229968"
"BGR","","ALL","2009","244545"
"BGR","","ALL","2010","233472"
"BIH","","ALL","1980","34850"
"BIH","","ALL","1983","45611"
"BIH","","ALL","1984","48914"
"BIH","","ALL","1985","40855"
"BIH","","ALL","1986","39760"
"BIH","","ALL","1987","40011"
"BIH","","ALL","1988","38321"
"BIH","","ALL","1989","37962"
"BLR","","ALL","1993","415126"
"BLR","","ALL","1994","404918"
"BLR","","ALL","1995","416208"
"BLR","","ALL","1996","383312"
"BLR","","ALL","1997","421316"
"BLR","","ALL","1998","490140"
"BLR","","ALL","1999","502371"
"BLR","","ALL","2000","458619"
"BLR","","ALL","2001","429774"
"BLR","","ALL","2002","421842"
"BLR","","ALL","2003","405714"
"BLR","","ALL","2004","402785"
"BLR","","ALL","2005","396413"
"BLR","","ALL","2006","389545"
"BLR","","ALL","2007","414984"
"BLR","","ALL","2008","409160"
"BLR","","ALL","2009","470033"
"BLR","","ALL","2010","435988"
"BLR","","ALL","2011","428883"
"BLR","","ALL","2012","401897"
"BLR","","ALL","2013","416483"
"BLR","","ALL","2014","393253"
"BLR","","ALL","2015","377958"
"BLR","","ALL","2016","383658"
"BLR","","ALL","2017","404344"
"BLR","","ALL","2018","390313"
"BLR","","ALL","2019","364126"
"BLR","","ALL","2020","252229"
"BLR","","ALL","2021","212847"
"BLR","","ALL","2022","235597"
"","CARINFONET","ALL","1996","1297557"
"","CARINFONET","ALL","1997","1293931"
"","CARINFONET","ALL","1998","1124798"
"","CARINFONET","ALL","1999","1058707"
"","CARINFONET","ALL","2000","1096111"
"","CARINFONET","ALL","2001","1117120"
"","CARINFONET","ALL","2002","1158470"
"","CARINFONET","ALL","2003","1263623"
"","CARINFONET","ALL","2004","1312517"
"","CARINFONET","ALL","2005","1342961"
"","CARINFONET","ALL","2006","1359107"
"","CARINFONET","ALL","2007","1431305"
"","CARINFONET","ALL","2008","1407764"
"","CARINFONET","ALL","2009","1537888"
"","CARINFONET","ALL","2010","1517583"
"","CARINFONET","ALL","2011","1496483"
"","CARINFONET","ALL","2012","1528563"
"","CARINFONET","ALL","2013","1574219"
"","CARINFONET","ALL","2014","1591755"
"","CARINFONET","ALL","2015","1588474"
"","CARINFONET","ALL","2016","1723778"
"","CARINFONET","ALL","2017","1785003"
"","CARINFONET","ALL","2018","1822637"
"","CARINFONET","ALL","2019","1836331"
"CHE","","ALL","2002","60680"
"CHE","","ALL","2003","60751"
"CHE","","ALL","2004","61815"
"CHE","","ALL","2005","63654"
"CHE","","ALL","2006","62543"
"CHE","","ALL","2007","65807"
"CHE","","ALL","2008","67660"
"CHE","","ALL","2009","70566"
"","CIS","ALL","1996","7561883"
"","CIS","ALL","1997","7636702"
"","CIS","ALL","1998","7363373"
"","CIS","ALL","1999","7399004"
"","CIS","ALL","2000","7466865"
"","CIS","ALL","2001","7387314"
"","CIS","ALL","2002","7156921"
"","CIS","ALL","2003","7231135"
"","CIS","ALL","2004","7166476"
"","CIS","ALL","2005","7305461"
"","CIS","ALL","2006","7134180"
"","CIS","ALL","2007","7359115"
"","CIS","ALL","2008","7268087"
"","CIS","ALL","2009","7889460"
"","CIS","ALL","2010","7834266"
"","CIS","ALL","2011","7658733"
"","CIS","ALL","2012","7416106"
"","CIS","ALL","2013","7594072"
"","CIS","ALL","2014","7242122"
"","CIS","ALL","2015","7016977"
"","CIS","ALL","2016","7493345"
"","CIS","ALL","2017","7192552"
"CYP","","ALL","1976","3756"
"CYP","","ALL","1977","4395"
"CYP","","ALL","1978","3440"
"CYP","","ALL","1979","3534"
"CYP","","ALL","1980","3934"
"CYP","","ALL","1981","3906"
"CYP","","ALL","1982","3863"
"CYP","","ALL","1983","4731"
"CYP","","ALL","1984","4082"
"CYP","","ALL","1985","4547"
"CYP","","ALL","1986","4174"
"CYP","","ALL","1987","4294"
"CYP","","ALL","1988","4254"
"CYP","","ALL","1989","4236"
"CYP","","ALL","1990","4559"
"CYP","","ALL","1991","4982"
"CYP","","ALL","1992","4194"
"CYP","","ALL","1993","4296"
"CYP","","ALL","1994","4355"
"CYP","","ALL","1995","4334"
"CYP","","ALL","1996","4701"
"CYP","","ALL","1997","4963"
"CYP","","ALL","1998","5399"
"CYP","","ALL","1999","5280"
"CYP","","ALL","2000","5143"
"CYP","","ALL","2001","5209"
"CYP","","ALL","2002","4950"
"CYP","","ALL","2003","5498"
"CYP","","ALL","2004","5182"
"CYP","","ALL","2005","5353"
"CYP","","ALL","2006","5415"
"CYP","","ALL","2007","6387"
"CYP","","ALL","2008","4745"
"CZE","","ALL","1981","209093"
"CZE","","ALL","1986","200175"
"CZE","","ALL","1992","156351"
"CZE","","ALL","1993","157299"
"CZE","","ALL","1994","173131"
"CZE","","ALL","1995","182797"
"CZE","","ALL","1996","176623"
"CZE","","ALL","1997","164063"
"CZE","","ALL","1998","161143"
"CZE","","ALL","1999","161222"
"CZE","","ALL","2000","151077"
"CZE","","ALL","2001","151094"
"CZE","","ALL","2002","144364"
"CZE","","ALL","2003","152372"
"CZE","","ALL","2004","144991"
"CZE","","ALL","2005","154742"
"CZE","","ALL","2006","143916"
"CZE","","ALL","2007","148937"
"CZE","","ALL","2008","141791"
"CZE","","ALL","2009","146871"
"CZE","","ALL","2010","139732"
"DEU","","ALL","1993","993981"
"DEU","","ALL","1994","981089"
"DEU","","ALL","1995","998778"
"DEU","","ALL","1996","995498"
"DEU","","ALL","1997","979158"
"DEU","","ALL","1998","1028113"
"DEU","","ALL","1999","1038234"
"DEU","","ALL","2000","1005509"
"DEU","","ALL","2001","1008370"
"DEU","","ALL","2002","1038984"
"DEU","","ALL","2003","1133426"
"DEU","","ALL","2004","1085716"
"DEU","","ALL","2005","1136726"
"DEU","","ALL","2006","1089534"
"DEU","","ALL","2007","1148460"
"DEU","","ALL","2008","1149628"
"DEU","","ALL","2009","1226173"
"DNK","","ALL","1987","62745"
"DNK","","ALL","1988","64912"
"DNK","","ALL","1989","64988"
"DNK","","ALL","1990","66570"
"DNK","","ALL","1991","66832"
"DNK","","ALL","1992","69773"
"DNK","","ALL","1993","76603"
"DNK","","ALL","1994","70130"
"DNK","","ALL","1995","76565"
"DNK","","ALL","1996","77065"
"DNK","","ALL","1997","79291"
"DNK","","ALL","1998","80875"
"DNK","","ALL","1999","83539"
"DNK","","ALL","2000","83091"
"DNK","","ALL","2001","87255"
"DNK","","ALL","2002","86386"
"DNK","","ALL","2003","89733"
"DNK","","ALL","2004","92640"
"DNK","","ALL","2005","95647"
"DNK","","ALL","2006","96309"
"DNK","","ALL","2007","99721"
"DNK","","ALL","2008","95702"
"DNK","","ALL","2009","103524"
"DNK","","ALL","2010","109638"
"ESP","","ALL","1980","234741"
"ESP","","ALL","1981","264021"
"ESP","","ALL","1982","263986"
"ESP","","ALL","1983","277448"
"ESP","","ALL","1984","276716"
"ESP","","ALL","1985","287908"
"ESP","","ALL","1986","273291"
"ESP","","ALL","1987","272611"
"ESP","","ALL","1988","270473"
"ESP","","ALL","1989","278829"
"ESP","","ALL","1990","272609"
"ESP","","ALL","1991","279602"
"ESP","","ALL","1992","279258"
"ESP","","ALL","1993","311168"
"ESP","","ALL","1994","306030"
"ESP","","ALL","1995","343784"
"ESP","","ALL","1996","353365"
"ESP","","ALL","1997","359303"
"ESP","","ALL","1998","384792"
"ESP","","ALL","1999","418403"
"ESP","","ALL","2000","432814"
"ESP","","ALL","2001","410311"
"ESP","","ALL","2002","438891"
"ESP","","ALL","2003","467246"
"ESP","","ALL","2004","449480"
"ESP","","ALL","2005","497637"
"ESP","","ALL","2006","481177"
"ESP","","ALL","2007","524091"
"ESP","","ALL","2008","516308"
"ESP","","ALL","2009","544561"
"EST","","ALL","1990","34254"
"EST","","ALL","1991","31093"
"EST","","ALL","1992","30043"
"EST","","ALL","1993","34073"
"EST","","ALL","1994","29803"
"EST","","ALL","1995","31812"
"EST","","ALL","1996","29243"
"EST","","ALL","1997","31360"
"EST","","ALL","1998","33635"
"EST","","ALL","1999","31301"
"EST","","ALL","2000","32359"
"EST","","ALL","2001","28756"
"EST","","ALL","2002","24858"
"EST","","ALL","2003","27644"
"EST","","ALL","2004","29126"
"EST","","ALL","2005","27254"
"EST","","ALL","2006","27065"
"EST","","ALL","2007","24703"
"EST","","ALL","2008","24230"
"EST","","ALL","2009","23759"
"","EU_AFTER_MAY2004","ALL","2000","2081193"
"","EU_AFTER_MAY2004","ALL","2001","2074521"
"","EU_AFTER_MAY2004","ALL","2002","2124631"
"","EU_AFTER_MAY2004","ALL","2003","2104184"
"","EU_AFTER_MAY2004","ALL","2004","2159032"
"","EU_AFTER_MAY2004","ALL","2005","2052111"
"","EU_AFTER_MAY2004","ALL","2006","2039299"
"","EU_AFTER_MAY2004","ALL","2007","2010996"
"","EU_AFTER_MAY2004","ALL","2008","2063852"
"","EU_BEFORE_FEB2020","ALL","2000","6697459"
"","EU_BEFORE_FEB2020","ALL","2001","6517117"
"","EU_BEFORE_FEB2020","ALL","2002","6664963"
"","EU_BEFORE_FEB2020","ALL","2003","6812723"
"","EU_BEFORE_FEB2020","ALL","2004","6745132"
"","EU_BEFORE_FEB2020","ALL","2005","6887955"
"","EU_BEFORE_FEB2020","ALL","2006","6685739"
"","EU_BEFORE_FEB2020","ALL","2007","6801904"
"","EU_BEFORE_MAY2004","ALL","1998","4699070"
"","EU_BEFORE_MAY2004","ALL","1999","4706413"
"","EU_BEFORE_MAY2004","ALL","2000","4616266"
"","EU_BEFORE_MAY2004","ALL","2001","4442596"
"","EU_BEFORE_MAY2004","ALL","2002","4540332"
"","EU_BEFORE_MAY2004","ALL","2003","4708539"
"","EU_BEFORE_MAY2004","ALL","2004","4586100"
"","EU_BEFORE_MAY2004","ALL","2005","4835844"
"","EU_BEFORE_MAY2004","ALL","2006","4646440"
"","EU_BEFORE_MAY2004","ALL","2007","4790908"
"","EU_MEMBERS","ALL","2000","6042343"
"","EU_MEMBERS","ALL","2001","5896363"
"","EU_MEMBERS","ALL","2002","6017583"
"","EU_MEMBERS","ALL","2003","6138645"
"","EU_MEMBERS","ALL","2004","6071012"
"","EU_MEMBERS","ALL","2005","6182535"
"","EU_MEMBERS","ALL","2006","5995524"
"","EU_MEMBERS","ALL","2007","6093693"
"FIN","","ALL","1987","109139"
"FIN","","ALL","1988","115169"
"FIN","","ALL","1989","111289"
"FIN","","ALL","1990","104376"
"FIN","","ALL","1991","106252"
"FIN","","ALL","1992","108009"
"FIN","","ALL","1993","123301"
"FIN","","ALL","1994","105722"
"FIN","","ALL","1995","118145"
"FIN","","ALL","1996","129731"
"FIN","","ALL","1997","126083"
"FIN","","ALL","1998","129380"
"FIN","","ALL","1999","126371"
"FIN","","ALL","2000","123738"
"FIN","","ALL","2001","117104"
"FIN","","ALL","2002","112175"
"FIN","","ALL","2003","110330"
"FIN","","ALL","2004","100409"
"FIN","","ALL","2005","83385"
"FIN","","ALL","2006","74354"
"FIN","","ALL","2007","75605"
"FRA","","ALL","1997","870900"
"FRA","","ALL","1998","873200"
"FRA","","ALL","1999","845800"
"FRA","","ALL","2000","835600"
"FRA","","ALL","2001","784200"
"FRA","","ALL","2002","772300"
"FRA","","ALL","2003","767900"
"FRA","","ALL","2004","759500"
"FRA","","ALL","2005","816600"
"FRA","","ALL","2006","778100"
"FRA","","ALL","2007","775100"
"FRA","","ALL","2008","768300"
"FRA","","ALL","2009","800500"
"GBR","","ALL","1996","674461"
"GBR","","ALL","1997","665195"
"GBR","","ALL","1998","711200"
"GBR","","ALL","1999","687265"
"GBR","","ALL","2000","655116"
"GBR","","ALL","2001","620754"
"GBR","","ALL","2002","647380"
"GBR","","ALL","2003","674078"
"GBR","","ALL","2004","674120"
"GBR","","ALL","2005","705420"
"GBR","","ALL","2006","690215"
"GBR","","ALL","2007","708211"
"GBR","","ALL","2008","731776"
"GBR","","ALL","2009","741072"
"GBR","","ALL","2010","765275"
"GEO","","ALL","1990","140745"
"GEO","","ALL","1991","123364"
"GEO","","ALL","1992","70149"
"GEO","","ALL","1993","54505"
"GEO","","ALL","1994","39517"
"GEO","","ALL","1995","37701"
"GEO","","ALL","1996","37947"
"GEO","","ALL","1997","35940"
"GEO","","ALL","1998","33885"
"GEO","","ALL","1999","31939"
"GEO","","ALL","2000","31045"
"GEO","","ALL","2001","31585"
"GEO","","ALL","2002","30979"
"GEO","","ALL","2003","33533"
"GEO","","ALL","2004","38395"
"GEO","","ALL","2005","44406"
"GEO","","ALL","2006","47340"
"GEO","","ALL","2007","51633"
"GEO","","ALL","2008","56649"
"GEO","","ALL","2009","55117"
"GEO","","ALL","2010","62446"
"GEO","","ALL","2011","63515"
"GEO","","ALL","2012","65177"
"GEO","","ALL","2013","68774"
"GEO","","ALL","2014","73172"
"GEO","","ALL","2015","89238"
"GEO","","ALL","2016","105475"
"GEO","","ALL","2017","99387"
"GEO","","ALL","2018","100885"
"GEO","","ALL","2019","120431"
"GEO","","ALL","2020","82528"
"GEO","","ALL","2021","71006"
"GEO","","ALL","2022","105306"
"GRC","","ALL","1970","116505"
"GRC","","ALL","1971","114555"
"GRC","","ALL","1972","116481"
"GRC","","ALL","1973","110148"
"GRC","","ALL","1974","98273"
"GRC","","ALL","1975","102651"
"GRC","","ALL","1976","110610"
"GRC","","ALL","1977","108955"
"GRC","","ALL","1978","104249"
"GRC","","ALL","1979","103439"
"GRC","","ALL","1980","115114"
"GRC","","ALL","1981","110724"
"GRC","","ALL","1982","107097"
"GRC","","ALL","1983","114360"
"GRC","","ALL","1984","118495"
"GRC","","ALL","1985","110543"
"GRC","","ALL","1986","108616"
"GRC","","ALL","1987","106088"
"GRC","","ALL","1988","105450"
"GRC","","ALL","1989","107480"
"GRC","","ALL","1990","106841"
"GRC","","ALL","1991","113799"
"GRC","","ALL","1992","115155"
"GRC","","ALL","1993","114149"
"GRC","","ALL","1994","112469"
"GRC","","ALL","1995","124345"
"GRC","","ALL","1996","126675"
"GRC","","ALL","1997","129021"
"GRC","","ALL","1998","137268"
"GRC","","ALL","1999","142178"
"GRC","","ALL","2000","148752"
"GRC","","ALL","2001","143996"
"GRC","","ALL","2002","149705"
"GRC","","ALL","2003","157821"
"GRC","","ALL","2004","157386"
"GRC","","ALL","2005","164906"
"GRC","","ALL","2006","161329"
"GRC","","ALL","2007","172022"
"HRV","","ALL","1981","62176"
"HRV","","ALL","1982","61180"
"HRV","","ALL","1983","62825"
"HRV","","ALL","1984","61290"
"HRV","","ALL","1985","61640"
"HRV","","ALL","1986","62547"
"HRV","","ALL","1987","61412"
"HRV","","ALL","1988","62555"
"HRV","","ALL","1989","64629"
"HRV","","ALL","1990","62684"
"HRV","","ALL","1991","40130"
"HRV","","ALL","1992","37010"
"HRV","","ALL","1993","37798"
"HRV","","ALL","1994","45548"
"HRV","","ALL","1995","49328"
"HRV","","ALL","1996","50360"
"HRV","","ALL","1997","50878"
"HRV","","ALL","1998","54064"
"HRV","","ALL","1999","54460"
"HRV","","ALL","2000","50407"
"HRV","","ALL","2001","47842"
"HRV","","ALL","2002","44789"
"HRV","","ALL","2003","49695"
"HRV","","ALL","2004","49226"
"HRV","","ALL","2005","50977"
"HRV","","ALL","2006","49238"
"HRV","","ALL","2007","50466"
"HRV","","ALL","2008","46569"
"HRV","","ALL","2009","46515"
"HRV","","ALL","2010","44095"
"HUN","","ALL","1992","192283"
"HUN","","ALL","1993","183396"
"HUN","","ALL","1994","224164"
"HUN","","ALL","1995","209904"
"HUN","","ALL","1996","243270"
"HUN","","ALL","1997","225933"
"HUN","","ALL","1998","218576"
"HUN","","ALL","1999","210762"
"HUN","","ALL","2000","220505"
"HUN","","ALL","2001","203572"
"HUN","","ALL","2002","194547"
"HUN","","ALL","2003","196927"
"HUN","","ALL","2004","213467"
"HUN","","ALL","2005","218677"
"HUN","","ALL","2006","197700"
"HUN","","ALL","2007","167003"
"HUN","","ALL","2008","161797"
"HUN","","ALL","2009","171279"
"HUN","","ALL","2010","168535"
"IRL","","ALL","1994","52215"
"IRL","","ALL","1995","58419"
"IRL","","ALL","1996","58132"
"IRL","","ALL","1997","57927"
"IRL","","ALL","1998","57736"
"IRL","","ALL","1999","58161"
"IRL","","ALL","2000","56634"
"IRL","","ALL","2001","56163"
"IRL","","ALL","2002","55331"
"IRL","","ALL","2003","58713"
"IRL","","ALL","2004","58640"
"IRL","","ALL","2005","58346"
"IRL","","ALL","2006","59632"
"IRL","","ALL","2007","58309"
"IRL","","ALL","2008","57773"
"IRL","","ALL","2009","58317"
"IRL","","ALL","2010","54400"
"ISL","","ALL","1989","3316"
"ISL","","ALL","1990","3204"
"ISL","","ALL","1991","3749"
"ISL","","ALL","1992","3887"
"ISL","","ALL","1993","4002"
"ISL","","ALL","1994","4049"
"ISL","","ALL","1998","3529"
"ISL","","ALL","1999","3535"
"ISL","","ALL","2000","3359"
"ISL","","ALL","2001","3369"
"ISL","","ALL","2002","4026"
"ISL","","ALL","2003","3174"
"ISL","","ALL","2004","3100"
"ISL","","ALL","2005","2909"
"ISL","","ALL","2006","2734"
"ISL","","ALL","2007","2784"
"ISL","","ALL","2008","2615"
"ISL","","ALL","2009","2369"
"ISR","","ALL","1987","41060"
"ISR","","ALL","1990","51070"
"ISR","","ALL","1993","60085"
"ISR","","ALL","1994","66484"
"ISR","","ALL","1995","77950"
"ISR","","ALL","1996","77407"
"ISR","","ALL","1997","82421"
"ISR","","ALL","1998","85375"
"ISR","","ALL","1999","94198"
"ISR","","ALL","2000","92258"
"ISR","","ALL","2001","93735"
"ISR","","ALL","2002","93781"
"ISR","","ALL","2003","97111"
"ISR","","ALL","2004","92412"
"ISR","","ALL","2005","98025"
"ISR","","ALL","2006","100181"
"ISR","","ALL","2007","99731"
"ISR","","ALL","2008","94087"
"ITA","","ALL","1982","749731"
"ITA","","ALL","1984","725719"
"ITA","","ALL","1986","750236"
"ITA","","ALL","1987","723997"
"ITA","","ALL","1988","672945"
"ITA","","ALL","1989","665317"
"ITA","","ALL","1990","656954"
"ITA","","ALL","1991","685669"
"ITA","","ALL","1992","716788"
"ITA","","ALL","1993","724962"
"ITA","","ALL","1994","737103"
"ITA","","ALL","1995","629500"
"ITA","","ALL","1996","565296"
"ITA","","ALL","1997","667734"
"ITA","","ALL","1998","703024"
"ITA","","ALL","1999","713730"
"ITA","","ALL","2000","694828"
"ITA","","ALL","2001","662767"
"ITA","","ALL","2002","672739"
"ITA","","ALL","2003","672052"
"ITA","","ALL","2004","641013"
"ITA","","ALL","2005","660441"
"ITA","","ALL","2006","627068"
"ITA","","ALL","2007","618250"
"ITA","","ALL","2008","608057"
"ITA","","ALL","2009","624416"
"KAZ","","ALL","1990","778298"
"KAZ","","ALL","1991","855907"
"KAZ","","ALL","1992","684961"
"KAZ","","ALL","1993","705066"
"KAZ","","ALL","1994","517206"
"KAZ","","ALL","1995","435411"
"KAZ","","ALL","1996","359862"
"KAZ","","ALL","1997","332350"
"KAZ","","ALL","1998","326271"
"KAZ","","ALL","1999","277407"
"KAZ","","ALL","2000","277973"
"KAZ","","ALL","2001","299660"
"KAZ","","ALL","2002","322015"
"KAZ","","ALL","2003","364065"
"KAZ","","ALL","2004","386872"
"KAZ","","ALL","2005","403522"
"KAZ","","ALL","2006","372155"
"KAZ","","ALL","2007","391790"
"KAZ","","ALL","2008","375612"
"KAZ","","ALL","2009","418781"
"KAZ","","ALL","2010","373141"
"KAZ","","ALL","2011","393728"
"KAZ","","ALL","2012","397700"
"KAZ","","ALL","2013","394624"
"KAZ","","ALL","2014","386708"
"KAZ","","ALL","2015","381995"
"KAZ","","ALL","2016","409713"
"KAZ","","ALL","2017","410303"
"KAZ","","ALL","2018","420217"
"KAZ","","ALL","2019","417787"
"KAZ","","ALL","2020","329150"
"KAZ","","ALL","2021","342273"
"KAZ","","ALL","2022","389854"
"KGZ","","ALL","1980","197982"
"KGZ","","ALL","1981","200502"
"KGZ","","ALL","1982","196894"
"KGZ","","ALL","1983","205373"
"KGZ","","ALL","1984","215470"
"KGZ","","ALL","1985","231948"
"KGZ","","ALL","1986","226197"
"KGZ","","ALL","1987","238536"
"KGZ","","ALL","1988","247878"
"KGZ","","ALL","1989","224473"
"KGZ","","ALL","1990","223494"
"KGZ","","ALL","1991","221517"
"KGZ","","ALL","1992","210828"
"KGZ","","ALL","1993","202373"
"KGZ","","ALL","1994","142790"
"KGZ","","ALL","1995","131911"
"KGZ","","ALL","1996","123425"
"KGZ","","ALL","1997","143400"
"KGZ","","ALL","1998","128772"
"KGZ","","ALL","1999","120931"
"KGZ","","ALL","2000","115215"
"KGZ","","ALL","2001","95645"
"KGZ","","ALL","2002","78034"
"KGZ","","ALL","2003","85626"
"KGZ","","ALL","2004","73210"
"KGZ","","ALL","2005","76396"
"KGZ","","ALL","2006","85748"
"KGZ","","ALL","2007","99295"
"KGZ","","ALL","2008","95031"
"KGZ","","ALL","2009","113911"
"KGZ","","ALL","2010","123536"
"KGZ","","ALL","2011","113158"
"KGZ","","ALL","2012","111217"
"KGZ","","ALL","2013","111028"
"KGZ","","ALL","2014","109861"
"KGZ","","ALL","2015","109770"
"KGZ","","ALL","2016","125855"
"KGZ","","ALL","2017","141490"
"KGZ","","ALL","2018","130482"
"KGZ","","ALL","2019","132858"
"KGZ","","ALL","2020","86120"
"KGZ","","ALL","2021","129492"
"KGZ","","ALL","2022","156272"
"KGZ","","ALL","2023","161201"
"LTU","","ALL","1975","126169"
"LTU","","ALL","1980","117843"
"LTU","","ALL","1981","119639"
"LTU","","ALL","1982","115541"
"LTU","","ALL","1983","115418"
"LTU","","ALL","1984","120088"
"LTU","","ALL","1985","122443"
"LTU","","ALL","1986","121314"
"LTU","","ALL","1987","122294"
"LTU","","ALL","1988","124103"
"LTU","","ALL","1989","102875"
"LTU","","ALL","1990","88703"
"LTU","","ALL","1991","87069"
"LTU","","ALL","1992","80031"
"LTU","","ALL","1993","88669"
"LTU","","ALL","1994","89948"
"LTU","","ALL","1995","93489"
"LTU","","ALL","1996","92983"
"LTU","","ALL","1997","102950"
"LTU","","ALL","1998","118512"
"LTU","","ALL","1999","114513"
"LTU","","ALL","2000","102458"
"LTU","","ALL","2001","98773"
"LTU","","ALL","2002","90727"
"LTU","","ALL","2003","84063"
"LTU","","ALL","2004","88062"
"LTU","","ALL","2005","81491"
"LTU","","ALL","2006","69252"
"LTU","","ALL","2007","79283"
"LTU","","ALL","2008","71082"
"LTU","","ALL","2009","78113"
"LTU","","ALL","2010","75930"
"LUX","","ALL","1998","9172"
"LUX","","ALL","1999","9319"
"LUX","","ALL","2000","8919"
"LUX","","ALL","2001","7043"
"LUX","","ALL","2002","7240"
"LUX","","ALL","2003","6660"
"LUX","","ALL","2004","6492"
"LUX","","ALL","2005","6567"
"LUX","","ALL","2006","6286"
"LUX","","ALL","2007","6469"
"LVA","","ALL","1980","84444"
"LVA","","ALL","1981","84093"
"LVA","","ALL","1982","80860"
"LVA","","ALL","1983","85703"
"LVA","","ALL","1984","88668"
"LVA","","ALL","1985","91770"
"LVA","","ALL","1986","96740"
"LVA","","ALL","1987","104403"
"LVA","","ALL","1988","93366"
"LVA","","ALL","1989","77647"
"LVA","","ALL","1990","73056"
"LVA","","ALL","1991","69540"
"LVA","","ALL","1992","56909"
"LVA","","ALL","1993","58123"
"LVA","","ALL","1994","61409"
"LVA","","ALL","1995","63199"
"LVA","","ALL","1996","58105"
"LVA","","ALL","1997","60618"
"LVA","","ALL","1998","61440"
"LVA","","ALL","1999","59551"
"LVA","","ALL","2000","57009"
"LVA","","ALL","2001","52745"
"LVA","","ALL","2002","49850"
"LVA","","ALL","2003","50760"
"LVA","","ALL","2004","51681"
"LVA","","ALL","2005","54003"
"LVA","","ALL","2006","50768"
"LVA","","ALL","2007","54218"
"LVA","","ALL","2008","46652"
"LVA","","ALL","2009","43664"
"LVA","","ALL","2010","40637"
"MCO","","ALL","2012","1046"
"MCO","","ALL","2015","1016"
"MCO","","ALL","2016","969"
"MCO","","ALL","2017","1164"
"MCO","","ALL","2018","1165"
"MCO","","ALL","2019","1003"
"MCO","","ALL","2020","797"
"MCO","","ALL","2021","766"
"MCO","","ALL","2022","955"
"MDA","","ALL","1980","153635"
"MDA","","ALL","1981","158555"
"MDA","","ALL","1982","160956"
"MDA","","ALL","1983","160925"
"MDA","","ALL","1984","178309"
"MDA","","ALL","1985","179110"
"MDA","","ALL","1986","184674"
"MDA","","ALL","1987","182715"
"MDA","","ALL","1988","197662"
"MDA","","ALL","1989","176329"
"MDA","","ALL","1990","165548"
"MDA","","ALL","1991","163482"
"MDA","","ALL","1992","146085"
"MDA","","ALL","1993","148370"
"MDA","","ALL","1994","148119"
"MDA","","ALL","1995","133671"
"MDA","","ALL","1996","114984"
"MDA","","ALL","1997","119584"
"MDA","","ALL","1998","110722"
"MDA","","ALL","1999","90611"
"MDA","","ALL","2000","73587"
"MDA","","ALL","2001","63171"
"MDA","","ALL","2002","70809"
"MDA","","ALL","2003","72331"
"MDA","","ALL","2004","69141"
"MDA","","ALL","2005","74942"
"MDA","","ALL","2006","74746"
"MDA","","ALL","2007","77207"
"MDA","","ALL","2008","75938"
"MDA","","ALL","2009","94200"
"MDA","","ALL","2010","87901"
"MDA","","ALL","2011","95699"
"MDA","","ALL","2012","83798"
"MDA","","ALL","2013","91042"
"MDA","","ALL","2014","88494"
"MDA","","ALL","2015","86720"
"MDA","","ALL","2016","86103"
"MDA","","ALL","2017","86607"
"MDA","","ALL","2018","83491"
"MDA","","ALL","2019","84245"
"MDA","","ALL","2020","48156"
"MDA","","ALL","2021","58010"
"MKD","","ALL","1983","18850"
"MKD","","ALL","1984","20109"
"MKD","","ALL","1985","21320"
"MKD","","ALL","1986","21931"
"MKD","","ALL","1987","20443"
"MKD","","ALL","1988","21257"
"MKD","","ALL","1994","24636"
"MKD","","ALL","1995","29446"
"MKD","","ALL","1996","28860"
"MKD","","ALL","1999","57732"
"MKD","","ALL","2000","23272"
"MKD","","ALL","2001","23985"
"MKD","","ALL","2002","26986"
"MKD","","ALL","2003","25822"
"MKD","","ALL","2004","28018"
"MKD","","ALL","2005","29006"
"MKD","","ALL","2006","29986"
"MKD","","ALL","2007","31615"
"MKD","","ALL","2008","37285"
"MKD","","ALL","2009","37643"
"MKD","","ALL","2010","38296"
"MLT","","ALL","2000","2277"
"MLT","","ALL","2001","2224"
"MLT","","ALL","2002","1932"
"MLT","","ALL","2003","2340"
"MLT","","ALL","2004","2259"
"MLT","","ALL","2005","2360"
"MLT","","ALL","2006","2707"
"MLT","","ALL","2007","2448"
"MLT","","ALL","2008","3118"
"MLT","","ALL","2009","4076"
"MLT","","ALL","2010","4130"
"MNE","","ALL","1988","10621"
"MNE","","ALL","1990","7808"
"MNE","","ALL","1991","8361"
"MNE","","ALL","1992","6530"
"MNE","","ALL","1993","6439"
"MNE","","ALL","1994","7440"
"MNE","","ALL","1995","7369"
"MNE","","ALL","1996","7801"
"MNE","","ALL","1997","7712"
"MNE","","ALL","1998","7638"
"MNE","","ALL","1999","7175"
"MNE","","ALL","2000","7998"
"MNE","","ALL","2001","7213"
"MNE","","ALL","2002","6667"
"MNE","","ALL","2003","6941"
"MNE","","ALL","2004","6444"
"MNE","","ALL","2005","6746"
"MNE","","ALL","2006","7011"
"MNE","","ALL","2007","6846"
"MNE","","ALL","2008","7507"
"MNE","","ALL","2009","8055"
"MNE","","ALL","2010","7872"
"MNE","","ALL","2011","7921"
"MNE","","ALL","2012","7960"
"MNE","","ALL","2013","7996"
"NLD","","ALL","1981","131657"
"NLD","","ALL","1982","131223"
"NLD","","ALL","1983","127337"
"NLD","","ALL","1984","112996"
"NLD","","ALL","1985","108724"
"NLD","","ALL","1986","109198"
"NLD","","ALL","1987","102654"
"NLD","","ALL","1988","104146"
"NLD","","ALL","1989","103496"
"NLD","","ALL","1990","102213"
"NLD","","ALL","1991","104568"
"NLD","","ALL","1992","104913"
"NLD","","ALL","1993","110145"
"NLD","","ALL","1994","109797"
"NLD","","ALL","1995","108568"
"NLD","","ALL","1996","111613"
"NLD","","ALL","1997","109114"
"NLD","","ALL","1998","112312"
"NLD","","ALL","1999","105700"
"NLD","","ALL","2000","101048"
"NLD","","ALL","2001","99344"
"NLD","","ALL","2002","100923"
"NLD","","ALL","2003","104874"
"NLD","","ALL","2004","108628"
"NLD","","ALL","2005","118949"
"NLD","","ALL","2006","121326"
"NLD","","ALL","2007","124487"
"NLD","","ALL","2008","127257"
"NLD","","ALL","2009","130831"
"NOR","","ALL","1991","43256"
"NOR","","ALL","1992","45458"
"NOR","","ALL","1993","50244"
"NOR","","ALL","1994","46219"
"NOR","","ALL","1995","50458"
"NOR","","ALL","1996","50618"
"NOR","","ALL","1998","57012"
"NOR","","ALL","1999","61355"
"NOR","","ALL","2000","58778"
"NOR","","ALL","2001","61064"
"NOR","","ALL","2002","62385"
"NOR","","ALL","2003","65968"
"NOR","","ALL","2004","64888"
"NOR","","ALL","2005","70782"
"NOR","","ALL","2006","70162"
"NOR","","ALL","2007","69977"
"NOR","","ALL","2008","68211"
"NOR","","ALL","2009","68114"
"NOR","","ALL","2010","65434"
"","NORDIC","ALL","1991","331372"
"","NORDIC","ALL","1992","342494"
"","NORDIC","ALL","1993","376682"
"","NORDIC","ALL","1994","334324"
"","NORDIC","ALL","1995","363083"
"","NORDIC","ALL","1996","372415"
"","NORDIC","ALL","1997","363375"
"","NORDIC","ALL","1998","370966"
"","NORDIC","ALL","1999","373891"
"","NORDIC","ALL","2000","362018"
"","NORDIC","ALL","2001","355142"
"","NORDIC","ALL","2002","351543"
"","NORDIC","ALL","2003","355026"
"","NORDIC","ALL","2004","345300"
"","NORDIC","ALL","2005","343451"
"","NORDIC","ALL","2006","331298"
"","NORDIC","ALL","2007","339276"
"POL","","ALL","1980","463210"
"POL","","ALL","1981","413910"
"POL","","ALL","1982","426450"
"POL","","ALL","1983","445100"
"POL","","ALL","1984","470180"
"POL","","ALL","1985","482650"
"POL","","ALL","1986","481110"
"POL","","ALL","1987","471350"
"POL","","ALL","1988","443980"
"POL","","ALL","1989","424310"
"POL","","ALL","1990","445530"
"POL","","ALL","1991","458100"
"POL","","ALL","1992","461200"
"POL","","ALL","1993","483800"
"POL","","ALL","1994","478040"
"POL","","ALL","1995","505260"
"POL","","ALL","1996","505770"
"POL","","ALL","2003","541459"
"POL","","ALL","2004","574104"
"POL","","ALL","2005","499123"
"POL","","ALL","2006","508679"
"POL","","ALL","2007","530331"
"POL","","ALL","2008","577864"
"POL","","ALL","2009","533158"
"PRT","","ALL","1991","42923"
"PRT","","ALL","1992","44879"
"PRT","","ALL","1993","55795"
"PRT","","ALL","1994","54229"
"PRT","","ALL","1995","57987"
"PRT","","ALL","1996","58630"
"PRT","","ALL","1997","63952"
"PRT","","ALL","1998","68796"
"PRT","","ALL","1999","71810"
"PRT","","ALL","2000","75272"
"PRT","","ALL","2001","74275"
"PRT","","ALL","2002","86552"
"PRT","","ALL","2003","93320"
"PRT","","ALL","2004","89555"
"PRT","","ALL","2005","100785"
"PRT","","ALL","2006","93259"
"PRT","","ALL","2007","102296"
"PRT","","ALL","2008","104588"
"PRT","","ALL","2009","114617"
"PRT","","ALL","2010","104068"
"ROU","","ALL","1980","686000"
"ROU","","ALL","1982","661000"
"ROU","","ALL","1984","709000"
"ROU","","ALL","1985","732000"
"ROU","","ALL","1986","750000"
"ROU","","ALL","1987","713000"
"ROU","","ALL","1988","730000"
"ROU","","ALL","1989","679000"
"ROU","","ALL","1990","587000"
"ROU","","ALL","1991","540000"
"ROU","","ALL","1992","565000"
"ROU","","ALL","1993","595000"
"ROU","","ALL","1994","638000"
"ROU","","ALL","1995","597000"
"ROU","","ALL","1996","656382"
"ROU","","ALL","1997","655269"
"ROU","","ALL","1998","620976"
"ROU","","ALL","1999","676360"
"ROU","","ALL","2000","674209"
"ROU","","ALL","2001","691843"
"ROU","","ALL","2002","746688"
"ROU","","ALL","2003","690588"
"ROU","","ALL","2004","683294"
"ROU","","ALL","2005","602583"
"ROU","","ALL","2006","648565"
"ROU","","ALL","2007","615512"
"ROU","","ALL","2008","651460"
"ROU","","ALL","2009","672842"
"ROU","","ALL","2010","603871"
"RUS","","ALL","1990","5441383"
"RUS","","ALL","1991","5212910"
"RUS","","ALL","1992","4549610"
"RUS","","ALL","1993","4995954"
"RUS","","ALL","1994","4659976"
"RUS","","ALL","1995","4450242"
"RUS","","ALL","1996","4084735"
"RUS","","ALL","1997","4208838"
"RUS","","ALL","1998","4089576"
"RUS","","ALL","1999","4211939"
"RUS","","ALL","2000","4320929"
"RUS","","ALL","2001","4230769"
"RUS","","ALL","2002","4003712"
"RUS","","ALL","2003","3984476"
"RUS","","ALL","2004","3851058"
"RUS","","ALL","2005","3916496"
"RUS","","ALL","2006","3759343"
"RUS","","ALL","2007","3801043"
"RUS","","ALL","2008","3729681"
"RUS","","ALL","2009","4023050"
"RUS","","ALL","2010","3909387"
"RUS","","ALL","2011","3840263"
"RUS","","ALL","2012","3728977"
"RUS","","ALL","2013","3775556"
"RUS","","ALL","2014","3685966"
"RUS","","ALL","2015","3519801"
"RUS","","ALL","2016","3717331"
"RUS","","ALL","2017","3511845"
"RUS","","ALL","2018","3469104"
"RUS","","ALL","2019","3366587"
"RUS","","ALL","2020","2510408"
"RUS","","ALL","2022","2393902"
"RUS","","ALL","2023","2701868"
"SMR","","ALL","2011","462"
"SMR","","ALL","2012","493"
"SMR","","ALL","2013","560"
"SMR","","ALL","2014","585"
"SMR","","ALL","2015","609"
"SMR","","ALL","2016","579"
"SMR","","ALL","2017","681"
"SMR","","ALL","2018","593"
"SMR","","ALL","2019","602"
"SMR","","ALL","2020","331"
"SMR","","ALL","2021","602"
"SMR","","ALL","2022","538"
"SMR","","ALL","2023","485"
"SRB","","ALL","2000","61047"
"SRB","","ALL","2001","68485"
"SRB","","ALL","2002","67365"
"SRB","","ALL","2003","70144"
"SRB","","ALL","2004","74669"
"SRB","","ALL","2005","74788"
"SRB","","ALL","2006","70722"
"SRB","","ALL","2007","71915"
"SRB","","ALL","2008","75060"
"SRB","","ALL","2009","81648"
"SRB","","ALL","2010","80648"
"SRB","","ALL","2011","75652"
"SRB","","ALL","2012","77956"
"SVK","","ALL","1991","103499"
"SVK","","ALL","1992","108525"
"SVK","","ALL","1993","103367"
"SVK","","ALL","1994","106450"
"SVK","","ALL","1995","108847"
"SVK","","ALL","1996","111774"
"SVK","","ALL","1997","112542"
"SVK","","ALL","1998","111464"
"SVK","","ALL","1999","82184"
"SVK","","ALL","2000","77749"
"SVK","","ALL","2001","76325"
"SVK","","ALL","2002","72688"
"SVK","","ALL","2003","70347"
"SVK","","ALL","2004","70964"
"SVK","","ALL","2005","84624"
"SVK","","ALL","2006","85307"
"SVK","","ALL","2007","79765"
"SVK","","ALL","2008","78683"
"SVK","","ALL","2009","79370"
"SVK","","ALL","2010","79891"
"SVN","","ALL","1980","32640"
"SVN","","ALL","1981","32345"
"SVN","","ALL","1982","31358"
"SVN","","ALL","1983","31892"
"SVN","","ALL","1984","31023"
"SVN","","ALL","1985","29792"
"SVN","","ALL","1986","28648"
"SVN","","ALL","1987","27818"
"SVN","","ALL","1988","28656"
"SVN","","ALL","1989","29440"
"SVN","","ALL","1990","27662"
"SVN","","ALL","1991","24077"
"SVN","","ALL","1992","24783"
"SVN","","ALL","1993","25567"
"SVN","","ALL","1994","25906"
"SVN","","ALL","1995","23964"
"SVN","","ALL","1996","23314"
"SVN","","ALL","1997","24391"
"SVN","","ALL","1998","24451"
"SVN","","ALL","1999","25558"
"SVN","","ALL","2000","24621"
"SVN","","ALL","2001","24450"
"SVN","","ALL","2002","22868"
"SVN","","ALL","2003","24058"
"SVN","","ALL","2004","24135"
"SVN","","ALL","2005","25073"
"SVN","","ALL","2006","24204"
"SVN","","ALL","2007","26514"
"SVN","","ALL","2008","25893"
"SVN","","ALL","2009","28812"
"SWE","","ALL","1987","109636"
"SWE","","ALL","1988","114436"
"SWE","","ALL","1989","108233"
"SWE","","ALL","1990","109077"
"SWE","","ALL","1991","111283"
"SWE","","ALL","1992","115367"
"SWE","","ALL","1993","122532"
"SWE","","ALL","1994","108204"
"SWE","","ALL","1995","113996"
"SWE","","ALL","1996","111212"
"SWE","","ALL","1997","100527"
"SWE","","ALL","1998","100170"
"SWE","","ALL","1999","99091"
"SWE","","ALL","2000","93052"
"SWE","","ALL","2001","86350"
"SWE","","ALL","2002","86571"
"SWE","","ALL","2003","85821"
"SWE","","ALL","2004","84263"
"SWE","","ALL","2005","90728"
"SWE","","ALL","2006","87739"
"SWE","","ALL","2007","91189"
"SWE","","ALL","2008","93655"
"SWE","","ALL","2009","94988"
"TJK","","ALL","1990","204082"
"TJK","","ALL","1991","205838"
"TJK","","ALL","1992","167546"
"TJK","","ALL","1993","159699"
"TJK","","ALL","1994","133509"
"TJK","","ALL","1995","105165"
"TJK","","ALL","1996","110741"
"TJK","","ALL","1997","103071"
"TJK","","ALL","1998","95402"
"TJK","","ALL","1999","80539"
"TJK","","ALL","2000","78669"
"TJK","","ALL","2001","76492"
"TJK","","ALL","2002","83239"
"TJK","","ALL","2003","91473"
"TJK","","ALL","2004","89652"
"TJK","","ALL","2005","84005"
"TJK","","ALL","2006","90972"
"TJK","","ALL","2007","100829"
"TJK","","ALL","2008","101272"
"TJK","","ALL","2009","106168"
"TJK","","ALL","2010","112206"
"TJK","","ALL","2011","110346"
"TJK","","ALL","2012","118437"
"TJK","","ALL","2013","127026"
"TJK","","ALL","2014","124802"
"TJK","","ALL","2015","121860"
"TJK","","ALL","2016","120372"
"TJK","","ALL","2017","129133"
"TJK","","ALL","2018","122032"
"TJK","","ALL","2019","124378"
"TJK","","ALL","2020","120397"
"TJK","","ALL","2021","108404"
"TKM","","ALL","1991","134533"
"TKM","","ALL","1992","124249"
"TKM","","ALL","1993","133723"
"TKM","","ALL","1994","109817"
"TKM","","ALL","1995","91055"
"TKM","","ALL","1996","84942"
"TKM","","ALL","1997","90544"
"TKM","","ALL","2000","88610"
"TKM","","ALL","2001","88369"
"TKM","","ALL","2002","98539"
"TKM","","ALL","2003","102299"
"TKM","","ALL","2004","98792"
"TKM","","ALL","2005","85703"
"TKM","","ALL","2006","89315"
"TKM","","ALL","2007","90552"
"TKM","","ALL","2008","91662"
"TKM","","ALL","2009","98963"
"TKM","","ALL","2010","102428"
"TKM","","ALL","2011","104422"
"TKM","","ALL","2012","110666"
"TKM","","ALL","2013","122651"
"TKM","","ALL","2014","123147"
"TKM","","ALL","2015","130154"
"TKM","","ALL","2016","140181"
"TKM","","ALL","2017","131185"
"TKM","","ALL","2018","133836"
"TKM","","ALL","2019","133720"
"TKM","","ALL","2020","108016"
"TKM","","ALL","2021","105956"
"TKM","","ALL","2022","96801"
"TKM","","ALL","2023","105172"
"TUR","","ALL","1980","146856"
"TUR","","ALL","1981","169962"
"TUR","","ALL","1982","166862"
"TUR","","ALL","1983","197602"
"TUR","","ALL","1984","218515"
"TUR","","ALL","1985","223361"
"TUR","","ALL","1986","254844"
"TUR","","ALL","1987","268245"
"TUR","","ALL","1988","277923"
"TUR","","ALL","1989","306780"
"TUR","","ALL","1990","308364"
"TUR","","ALL","1991","304021"
"TUR","","ALL","1992","347802"
"TUR","","ALL","1993","361004"
"TUR","","ALL","1994","378021"
"TUR","","ALL","1995","424767"
"TUR","","ALL","1996","446219"
"TUR","","ALL","1997","503172"
"TUR","","ALL","1998","508250"
"TUR","","ALL","1999","476969"
"TUR","","ALL","2000","563565"
"TUR","","ALL","2001","491617"
"TUR","","ALL","2002","663299"
"TUR","","ALL","2003","723527"
"TUR","","ALL","2004","791845"
"TUR","","ALL","2005","768238"
"TUR","","ALL","2006","820130"
"TUR","","ALL","2007","848924"
"TUR","","ALL","2008","901967"
"TUR","","ALL","2009","1213563"
"TUR","","ALL","2010","1303099"
"UKR","","ALL","1980","2460374"
"UKR","","ALL","1981","2456148"
"UKR","","ALL","1982","2412925"
"UKR","","ALL","1983","2379179"
"UKR","","ALL","1984","2511035"
"UKR","","ALL","1985","2549072"
"UKR","","ALL","1986","2627377"
"UKR","","ALL","1987","2604052"
"UKR","","ALL","1988","2784850"
"UKR","","ALL","1989","2369369"
"UKR","","ALL","1990","2235369"
"UKR","","ALL","1991","2325157"
"UKR","","ALL","1992","2075983"
"UKR","","ALL","1993","2150202"
"UKR","","ALL","1994","1949885"
"UKR","","ALL","1995","1901249"
"UKR","","ALL","1996","1574515"
"UKR","","ALL","1997","1496285"
"UKR","","ALL","1998","1463158"
"UKR","","ALL","1999","1453007"
"UKR","","ALL","2000","1438321"
"UKR","","ALL","2001","1460184"
"UKR","","ALL","2002","1416826"
"UKR","","ALL","2003","1417197"
"UKR","","ALL","2004","1437735"
"UKR","","ALL","2005","1477993"
"UKR","","ALL","2006","1447318"
"UKR","","ALL","2007","1526331"
"UKR","","ALL","2008","1534726"
"UKR","","ALL","2009","1650594"
"UKR","","ALL","2010","1783135"
"UKR","","ALL","2011","1690085"
"UKR","","ALL","2012","1559707"
"UKR","","ALL","2013","1615551"
"UKR","","ALL","2014","1351166"
"UKR","","ALL","2015","1307488"
"UKR","","ALL","2016","1432328"
"UKR","","ALL","2017","1255544"
"UKR","","ALL","2018","1224240"
"UKR","","ALL","2019","1155997"
"UZB","","ALL","1996","618587"
"UZB","","ALL","1997","624566"
"UZB","","ALL","1998","484454"
"UZB","","ALL","1999","490575"
"UZB","","ALL","2000","535644"
"UZB","","ALL","2001","556954"
"UZB","","ALL","2002","576643"
"UZB","","ALL","2003","620160"
"UZB","","ALL","2004","663991"
"UZB","","ALL","2005","693335"
"UZB","","ALL","2006","720917"
"UZB","","ALL","2007","748839"
"UZB","","ALL","2008","744187"
"UZB","","ALL","2009","800065"
"UZB","","ALL","2010","806272"
"UZB","","ALL","2011","774829"
"UZB","","ALL","2012","790543"
"UZB","","ALL","2014","847237"
"UZB","","ALL","2015","844695"
"UZB","","ALL","2016","927657"
"UZB","","ALL","2017","972892"
"UZB","","ALL","2018","1016070"
"UZB","","ALL","2019","1027588"

"Last update","2024.10.07 15:51:37 GMT"
"Description","Hospital discharges, respiratory system diseases"
"Reference link","https://dw.euro.who.int/api/v3/measures/HFA_402?lang=En"

"Copyright"
"© WHO Regional Office for Europe 2025. All rights reserved.","https://www.who.int/about/policies/publishing/copyright"
